Jersey Number,id,Name,position.code,Position,Position Type,Position Abbreviation,Status Code,Status Description
47,680718,Addison Barger,5,Third Base,Infielder,3B,A,Active
67,606930,Jacob Barnes,1,Pitcher,Pitcher,P,MIN,Minor League Contract
40,605135,Chris Bassitt,1,Pitcher,Pitcher,P,A,Active
17,621244,José Berríos,1,Pitcher,Pitcher,P,40M,Forty Man
11,666182,Bo Bichette,6,Shortstop,Infielder,SS,A,Active
57,669456,Shane Bieber,1,Pitcher,Pitcher,P,A,Active
35,621366,Ryan Borucki,1,Pitcher,Pitcher,P,MIN,Minor League Contract
58,677865,Justin Bruihl,1,Pitcher,Pitcher,P,40M,Forty Man
43,621114,Ryan Burr,1,Pitcher,Pitcher,P,D60,Injured 60-Day
8,682729,Jonatan Clase,7,Outfielder,Outfielder,LF,40M,Forty Man
22,676391,Ernie Clement,5,Third Base,Infielder,3B,A,Active
48,622554,Seranthony Domínguez,1,Pitcher,Pitcher,P,A,Active
60,681751,Lazaro Estrada,1,Pitcher,Pitcher,P,40M,Forty Man
63,680755,Braydon Fisher,1,Pitcher,Pitcher,P,A,Active
68,689254,Mason Fluharty,1,Pitcher,Pitcher,P,A,Active
2,664034,Ty France,3,First Base,Infielder,1B,A,Active
44,670102,Bowden Francis,1,Pitcher,Pitcher,P,D60,Injured 60-Day
93,554340,Yimi García,1,Pitcher,Pitcher,P,D60,Injured 60-Day
34,592332,Kevin Gausman,1,Pitcher,Pitcher,P,A,Active
0,665926,Andrés Giménez,4,Second Base,Infielder,2B,A,Active
57,643338,Chad Green,1,Pitcher,Pitcher,P,RL,Released
27,665489,Vladimir Guerrero Jr.,3,First Base,Infielder,1B,A,Active
55,623168,Tyler Heineman,2,Catcher,Catcher,C,A,Active
23,656546,Jeff Hoffman,1,Pitcher,Pitcher,P,A,Active
49,677870,Leo Jiménez,6,Shortstop,Infielder,SS,40M,Forty Man
,671083,Buddy Kennedy,3,First Base,Infielder,1B,MIN,Minor League Contract
7,643396,Isiah Kiner-Falefa,6,Shortstop,Infielder,SS,A,Active
30,672386,Alejandro Kirk,2,Catcher,Catcher,C,A,Active
56,641778,Eric Lauer,1,Pitcher,Pitcher,P,A,Active
58,596271,Casey Lawrence,1,Pitcher,Pitcher,P,FA,Free Agent
54,663893,Brendon Little,1,Pitcher,Pitcher,P,A,Active
10,694388,Joey Loperfido,7,Outfielder,Outfielder,LF,40M,Forty Man
58,663992,Richard Lovelady,1,Pitcher,Pitcher,P,MIN,Minor League Contract
62,687922,Easton Lucas,1,Pitcher,Pitcher,P,40M,Forty Man
38,664770,Nathan Lukes,9,Outfielder,Outfielder,RF,A,Active
45,667297,Tommy Nance,1,Pitcher,Pitcher,P,40M,Forty Man
33,673820,Robinson Piña,1,Pitcher,Pitcher,P,D60,Injured 60-Day
39,683770,Will Robertson,7,Outfielder,Outfielder,LF,TR,Traded
18,702176,Alan Roden,7,Outfielder,Outfielder,LF,TR,Traded
29,684320,Yariel Rodríguez,1,Pitcher,Pitcher,P,40M,Forty Man
20,645305,Ali Sánchez,2,Catcher,Catcher,C,CL,Claimed
52,680704,Nick Sandlin,1,Pitcher,Pitcher,P,D60,Injured 60-Day
25,623993,Anthony Santander,9,Outfielder,Outfielder,RF,40M,Forty Man
31,453286,Max Scherzer,1,Pitcher,Pitcher,P,A,Active
36,676914,Davis Schneider,7,Outfielder,Outfielder,LF,A,Active
65,687606,Paxton Schultz,1,Pitcher,Pitcher,P,40M,Forty Man
4,543807,George Springer,9,Outfielder,Outfielder,RF,A,Active
16,683021,Michael Stefanic,4,Second Base,Infielder,2B,MIN,Minor League Contract
3,664702,Myles Straw,8,Outfielder,Outfielder,CF,A,Active
50,657024,Erik Swanson,1,Pitcher,Pitcher,P,RL,Released
9,622253,Dillon Tate,1,Pitcher,Pitcher,P,40M,Forty Man
12,605513,Spencer Turnbull,1,Pitcher,Pitcher,P,RL,Released
48,570632,José Ureña,1,Pitcher,Pitcher,P,FA,Free Agent
77,686973,Louis Varland,1,Pitcher,Pitcher,P,A,Active
5,662139,Daulton Varsho,8,Outfielder,Outfielder,CF,A,Active
7,695238,Will Wagner,5,Third Base,Infielder,3B,TR,Traded
21,677020,Josh Walker,1,Pitcher,Pitcher,P,TR,Traded
39,702056,Trey Yesavage,1,Pitcher,Pitcher,P,A,Active
