copyright,roster,link,teamId,rosterType
"Copyright 2026 MLB Advanced Media, L.P.  Use of any content on this page acknowledges agreement to the terms posted here http://gdx.mlb.com/components/copyright.txt","{'person': {'id': 680718, 'fullName': 'Addison Barger', 'link': '/api/v1/people/680718'}, 'jerseyNumber': '47', 'position': {'code': '5', 'name': 'Third Base', 'type': 'Infielder', 'abbreviation': '3B'}, 'status': {'code': 'A', 'description': 'Active'}}",/api/v1/teams/141/roster,141,fullSeason
"Copyright 2026 MLB Advanced Media, L.P.  Use of any content on this page acknowledges agreement to the terms posted here http://gdx.mlb.com/components/copyright.txt","{'person': {'id': 606930, 'fullName': 'Jacob Barnes', 'link': '/api/v1/people/606930'}, 'jerseyNumber': '67', 'position': {'code': '1', 'name': 'Pitcher', 'type': 'Pitcher', 'abbreviation': 'P'}, 'status': {'code': 'MIN', 'description': 'Minor League Contract'}}",/api/v1/teams/141/roster,141,fullSeason
"Copyright 2026 MLB Advanced Media, L.P.  Use of any content on this page acknowledges agreement to the terms posted here http://gdx.mlb.com/components/copyright.txt","{'person': {'id': 605135, 'fullName': 'Chris Bassitt', 'link': '/api/v1/people/605135'}, 'jerseyNumber': '40', 'position': {'code': '1', 'name': 'Pitcher', 'type': 'Pitcher', 'abbreviation': 'P'}, 'status': {'code': 'A', 'description': 'Active'}}",/api/v1/teams/141/roster,141,fullSeason
"Copyright 2026 MLB Advanced Media, L.P.  Use of any content on this page acknowledges agreement to the terms posted here http://gdx.mlb.com/components/copyright.txt","{'person': {'id': 621244, 'fullName': 'José Berríos', 'link': '/api/v1/people/621244'}, 'jerseyNumber': '17', 'position': {'code': '1', 'name': 'Pitcher', 'type': 'Pitcher', 'abbreviation': 'P'}, 'status': {'code': '40M', 'description': 'Forty Man'}}",/api/v1/teams/141/roster,141,fullSeason
"Copyright 2026 MLB Advanced Media, L.P.  Use of any content on this page acknowledges agreement to the terms posted here http://gdx.mlb.com/components/copyright.txt","{'person': {'id': 666182, 'fullName': 'Bo Bichette', 'link': '/api/v1/people/666182'}, 'jerseyNumber': '11', 'position': {'code': '6', 'name': 'Shortstop', 'type': 'Infielder', 'abbreviation': 'SS'}, 'status': {'code': 'A', 'description': 'Active'}}",/api/v1/teams/141/roster,141,fullSeason
"Copyright 2026 MLB Advanced Media, L.P.  Use of any content on this page acknowledges agreement to the terms posted here http://gdx.mlb.com/components/copyright.txt","{'person': {'id': 669456, 'fullName': 'Shane Bieber', 'link': '/api/v1/people/669456'}, 'jerseyNumber': '57', 'position': {'code': '1', 'name': 'Pitcher', 'type': 'Pitcher', 'abbreviation': 'P'}, 'status': {'code': 'A', 'description': 'Active'}}",/api/v1/teams/141/roster,141,fullSeason
"Copyright 2026 MLB Advanced Media, L.P.  Use of any content on this page acknowledges agreement to the terms posted here http://gdx.mlb.com/components/copyright.txt","{'person': {'id': 621366, 'fullName': 'Ryan Borucki', 'link': '/api/v1/people/621366'}, 'jerseyNumber': '35', 'position': {'code': '1', 'name': 'Pitcher', 'type': 'Pitcher', 'abbreviation': 'P'}, 'status': {'code': 'MIN', 'description': 'Minor League Contract'}}",/api/v1/teams/141/roster,141,fullSeason
"Copyright 2026 MLB Advanced Media, L.P.  Use of any content on this page acknowledges agreement to the terms posted here http://gdx.mlb.com/components/copyright.txt","{'person': {'id': 677865, 'fullName': 'Justin Bruihl', 'link': '/api/v1/people/677865'}, 'jerseyNumber': '58', 'position': {'code': '1', 'name': 'Pitcher', 'type': 'Pitcher', 'abbreviation': 'P'}, 'status': {'code': '40M', 'description': 'Forty Man'}}",/api/v1/teams/141/roster,141,fullSeason
"Copyright 2026 MLB Advanced Media, L.P.  Use of any content on this page acknowledges agreement to the terms posted here http://gdx.mlb.com/components/copyright.txt","{'person': {'id': 621114, 'fullName': 'Ryan Burr', 'link': '/api/v1/people/621114'}, 'jerseyNumber': '43', 'position': {'code': '1', 'name': 'Pitcher', 'type': 'Pitcher', 'abbreviation': 'P'}, 'status': {'code': 'D60', 'description': 'Injured 60-Day'}}",/api/v1/teams/141/roster,141,fullSeason
"Copyright 2026 MLB Advanced Media, L.P.  Use of any content on this page acknowledges agreement to the terms posted here http://gdx.mlb.com/components/copyright.txt","{'person': {'id': 682729, 'fullName': 'Jonatan Clase', 'link': '/api/v1/people/682729'}, 'jerseyNumber': '8', 'position': {'code': '7', 'name': 'Outfielder', 'type': 'Outfielder', 'abbreviation': 'LF'}, 'status': {'code': '40M', 'description': 'Forty Man'}}",/api/v1/teams/141/roster,141,fullSeason
"Copyright 2026 MLB Advanced Media, L.P.  Use of any content on this page acknowledges agreement to the terms posted here http://gdx.mlb.com/components/copyright.txt","{'person': {'id': 676391, 'fullName': 'Ernie Clement', 'link': '/api/v1/people/676391'}, 'jerseyNumber': '22', 'position': {'code': '5', 'name': 'Third Base', 'type': 'Infielder', 'abbreviation': '3B'}, 'status': {'code': 'A', 'description': 'Active'}}",/api/v1/teams/141/roster,141,fullSeason
"Copyright 2026 MLB Advanced Media, L.P.  Use of any content on this page acknowledges agreement to the terms posted here http://gdx.mlb.com/components/copyright.txt","{'person': {'id': 622554, 'fullName': 'Seranthony Domínguez', 'link': '/api/v1/people/622554'}, 'jerseyNumber': '48', 'position': {'code': '1', 'name': 'Pitcher', 'type': 'Pitcher', 'abbreviation': 'P'}, 'status': {'code': 'A', 'description': 'Active'}}",/api/v1/teams/141/roster,141,fullSeason
"Copyright 2026 MLB Advanced Media, L.P.  Use of any content on this page acknowledges agreement to the terms posted here http://gdx.mlb.com/components/copyright.txt","{'person': {'id': 681751, 'fullName': 'Lazaro Estrada', 'link': '/api/v1/people/681751'}, 'jerseyNumber': '60', 'position': {'code': '1', 'name': 'Pitcher', 'type': 'Pitcher', 'abbreviation': 'P'}, 'status': {'code': '40M', 'description': 'Forty Man'}}",/api/v1/teams/141/roster,141,fullSeason
"Copyright 2026 MLB Advanced Media, L.P.  Use of any content on this page acknowledges agreement to the terms posted here http://gdx.mlb.com/components/copyright.txt","{'person': {'id': 680755, 'fullName': 'Braydon Fisher', 'link': '/api/v1/people/680755'}, 'jerseyNumber': '63', 'position': {'code': '1', 'name': 'Pitcher', 'type': 'Pitcher', 'abbreviation': 'P'}, 'status': {'code': 'A', 'description': 'Active'}}",/api/v1/teams/141/roster,141,fullSeason
"Copyright 2026 MLB Advanced Media, L.P.  Use of any content on this page acknowledges agreement to the terms posted here http://gdx.mlb.com/components/copyright.txt","{'person': {'id': 689254, 'fullName': 'Mason Fluharty', 'link': '/api/v1/people/689254'}, 'jerseyNumber': '68', 'position': {'code': '1', 'name': 'Pitcher', 'type': 'Pitcher', 'abbreviation': 'P'}, 'status': {'code': 'A', 'description': 'Active'}}",/api/v1/teams/141/roster,141,fullSeason
"Copyright 2026 MLB Advanced Media, L.P.  Use of any content on this page acknowledges agreement to the terms posted here http://gdx.mlb.com/components/copyright.txt","{'person': {'id': 664034, 'fullName': 'Ty France', 'link': '/api/v1/people/664034'}, 'jerseyNumber': '2', 'position': {'code': '3', 'name': 'First Base', 'type': 'Infielder', 'abbreviation': '1B'}, 'status': {'code': 'A', 'description': 'Active'}}",/api/v1/teams/141/roster,141,fullSeason
"Copyright 2026 MLB Advanced Media, L.P.  Use of any content on this page acknowledges agreement to the terms posted here http://gdx.mlb.com/components/copyright.txt","{'person': {'id': 670102, 'fullName': 'Bowden Francis', 'link': '/api/v1/people/670102'}, 'jerseyNumber': '44', 'position': {'code': '1', 'name': 'Pitcher', 'type': 'Pitcher', 'abbreviation': 'P'}, 'status': {'code': 'D60', 'description': 'Injured 60-Day'}}",/api/v1/teams/141/roster,141,fullSeason
"Copyright 2026 MLB Advanced Media, L.P.  Use of any content on this page acknowledges agreement to the terms posted here http://gdx.mlb.com/components/copyright.txt","{'person': {'id': 554340, 'fullName': 'Yimi García', 'link': '/api/v1/people/554340'}, 'jerseyNumber': '93', 'position': {'code': '1', 'name': 'Pitcher', 'type': 'Pitcher', 'abbreviation': 'P'}, 'status': {'code': 'D60', 'description': 'Injured 60-Day'}}",/api/v1/teams/141/roster,141,fullSeason
"Copyright 2026 MLB Advanced Media, L.P.  Use of any content on this page acknowledges agreement to the terms posted here http://gdx.mlb.com/components/copyright.txt","{'person': {'id': 592332, 'fullName': 'Kevin Gausman', 'link': '/api/v1/people/592332'}, 'jerseyNumber': '34', 'position': {'code': '1', 'name': 'Pitcher', 'type': 'Pitcher', 'abbreviation': 'P'}, 'status': {'code': 'A', 'description': 'Active'}}",/api/v1/teams/141/roster,141,fullSeason
"Copyright 2026 MLB Advanced Media, L.P.  Use of any content on this page acknowledges agreement to the terms posted here http://gdx.mlb.com/components/copyright.txt","{'person': {'id': 665926, 'fullName': 'Andrés Giménez', 'link': '/api/v1/people/665926'}, 'jerseyNumber': '0', 'position': {'code': '4', 'name': 'Second Base', 'type': 'Infielder', 'abbreviation': '2B'}, 'status': {'code': 'A', 'description': 'Active'}}",/api/v1/teams/141/roster,141,fullSeason
"Copyright 2026 MLB Advanced Media, L.P.  Use of any content on this page acknowledges agreement to the terms posted here http://gdx.mlb.com/components/copyright.txt","{'person': {'id': 643338, 'fullName': 'Chad Green', 'link': '/api/v1/people/643338'}, 'jerseyNumber': '57', 'position': {'code': '1', 'name': 'Pitcher', 'type': 'Pitcher', 'abbreviation': 'P'}, 'status': {'code': 'RL', 'description': 'Released'}}",/api/v1/teams/141/roster,141,fullSeason
"Copyright 2026 MLB Advanced Media, L.P.  Use of any content on this page acknowledges agreement to the terms posted here http://gdx.mlb.com/components/copyright.txt","{'person': {'id': 665489, 'fullName': 'Vladimir Guerrero Jr.', 'link': '/api/v1/people/665489'}, 'jerseyNumber': '27', 'position': {'code': '3', 'name': 'First Base', 'type': 'Infielder', 'abbreviation': '1B'}, 'status': {'code': 'A', 'description': 'Active'}}",/api/v1/teams/141/roster,141,fullSeason
"Copyright 2026 MLB Advanced Media, L.P.  Use of any content on this page acknowledges agreement to the terms posted here http://gdx.mlb.com/components/copyright.txt","{'person': {'id': 623168, 'fullName': 'Tyler Heineman', 'link': '/api/v1/people/623168'}, 'jerseyNumber': '55', 'position': {'code': '2', 'name': 'Catcher', 'type': 'Catcher', 'abbreviation': 'C'}, 'status': {'code': 'A', 'description': 'Active'}}",/api/v1/teams/141/roster,141,fullSeason
"Copyright 2026 MLB Advanced Media, L.P.  Use of any content on this page acknowledges agreement to the terms posted here http://gdx.mlb.com/components/copyright.txt","{'person': {'id': 656546, 'fullName': 'Jeff Hoffman', 'link': '/api/v1/people/656546'}, 'jerseyNumber': '23', 'position': {'code': '1', 'name': 'Pitcher', 'type': 'Pitcher', 'abbreviation': 'P'}, 'status': {'code': 'A', 'description': 'Active'}}",/api/v1/teams/141/roster,141,fullSeason
"Copyright 2026 MLB Advanced Media, L.P.  Use of any content on this page acknowledges agreement to the terms posted here http://gdx.mlb.com/components/copyright.txt","{'person': {'id': 677870, 'fullName': 'Leo Jiménez', 'link': '/api/v1/people/677870'}, 'jerseyNumber': '49', 'position': {'code': '6', 'name': 'Shortstop', 'type': 'Infielder', 'abbreviation': 'SS'}, 'status': {'code': '40M', 'description': 'Forty Man'}}",/api/v1/teams/141/roster,141,fullSeason
"Copyright 2026 MLB Advanced Media, L.P.  Use of any content on this page acknowledges agreement to the terms posted here http://gdx.mlb.com/components/copyright.txt","{'person': {'id': 671083, 'fullName': 'Buddy Kennedy', 'link': '/api/v1/people/671083'}, 'jerseyNumber': '', 'position': {'code': '3', 'name': 'First Base', 'type': 'Infielder', 'abbreviation': '1B'}, 'status': {'code': 'MIN', 'description': 'Minor League Contract'}}",/api/v1/teams/141/roster,141,fullSeason
"Copyright 2026 MLB Advanced Media, L.P.  Use of any content on this page acknowledges agreement to the terms posted here http://gdx.mlb.com/components/copyright.txt","{'person': {'id': 643396, 'fullName': 'Isiah Kiner-Falefa', 'link': '/api/v1/people/643396'}, 'jerseyNumber': '7', 'position': {'code': '6', 'name': 'Shortstop', 'type': 'Infielder', 'abbreviation': 'SS'}, 'status': {'code': 'A', 'description': 'Active'}}",/api/v1/teams/141/roster,141,fullSeason
"Copyright 2026 MLB Advanced Media, L.P.  Use of any content on this page acknowledges agreement to the terms posted here http://gdx.mlb.com/components/copyright.txt","{'person': {'id': 672386, 'fullName': 'Alejandro Kirk', 'link': '/api/v1/people/672386'}, 'jerseyNumber': '30', 'position': {'code': '2', 'name': 'Catcher', 'type': 'Catcher', 'abbreviation': 'C'}, 'status': {'code': 'A', 'description': 'Active'}}",/api/v1/teams/141/roster,141,fullSeason
"Copyright 2026 MLB Advanced Media, L.P.  Use of any content on this page acknowledges agreement to the terms posted here http://gdx.mlb.com/components/copyright.txt","{'person': {'id': 641778, 'fullName': 'Eric Lauer', 'link': '/api/v1/people/641778'}, 'jerseyNumber': '56', 'position': {'code': '1', 'name': 'Pitcher', 'type': 'Pitcher', 'abbreviation': 'P'}, 'status': {'code': 'A', 'description': 'Active'}}",/api/v1/teams/141/roster,141,fullSeason
"Copyright 2026 MLB Advanced Media, L.P.  Use of any content on this page acknowledges agreement to the terms posted here http://gdx.mlb.com/components/copyright.txt","{'person': {'id': 596271, 'fullName': 'Casey Lawrence', 'link': '/api/v1/people/596271'}, 'jerseyNumber': '58', 'position': {'code': '1', 'name': 'Pitcher', 'type': 'Pitcher', 'abbreviation': 'P'}, 'status': {'code': 'FA', 'description': 'Free Agent'}}",/api/v1/teams/141/roster,141,fullSeason
"Copyright 2026 MLB Advanced Media, L.P.  Use of any content on this page acknowledges agreement to the terms posted here http://gdx.mlb.com/components/copyright.txt","{'person': {'id': 663893, 'fullName': 'Brendon Little', 'link': '/api/v1/people/663893'}, 'jerseyNumber': '54', 'position': {'code': '1', 'name': 'Pitcher', 'type': 'Pitcher', 'abbreviation': 'P'}, 'status': {'code': 'A', 'description': 'Active'}}",/api/v1/teams/141/roster,141,fullSeason
"Copyright 2026 MLB Advanced Media, L.P.  Use of any content on this page acknowledges agreement to the terms posted here http://gdx.mlb.com/components/copyright.txt","{'person': {'id': 694388, 'fullName': 'Joey Loperfido', 'link': '/api/v1/people/694388'}, 'jerseyNumber': '10', 'position': {'code': '7', 'name': 'Outfielder', 'type': 'Outfielder', 'abbreviation': 'LF'}, 'status': {'code': '40M', 'description': 'Forty Man'}}",/api/v1/teams/141/roster,141,fullSeason
"Copyright 2026 MLB Advanced Media, L.P.  Use of any content on this page acknowledges agreement to the terms posted here http://gdx.mlb.com/components/copyright.txt","{'person': {'id': 663992, 'fullName': 'Richard Lovelady', 'link': '/api/v1/people/663992'}, 'jerseyNumber': '58', 'position': {'code': '1', 'name': 'Pitcher', 'type': 'Pitcher', 'abbreviation': 'P'}, 'status': {'code': 'MIN', 'description': 'Minor League Contract'}}",/api/v1/teams/141/roster,141,fullSeason
"Copyright 2026 MLB Advanced Media, L.P.  Use of any content on this page acknowledges agreement to the terms posted here http://gdx.mlb.com/components/copyright.txt","{'person': {'id': 687922, 'fullName': 'Easton Lucas', 'link': '/api/v1/people/687922'}, 'jerseyNumber': '62', 'position': {'code': '1', 'name': 'Pitcher', 'type': 'Pitcher', 'abbreviation': 'P'}, 'status': {'code': '40M', 'description': 'Forty Man'}}",/api/v1/teams/141/roster,141,fullSeason
"Copyright 2026 MLB Advanced Media, L.P.  Use of any content on this page acknowledges agreement to the terms posted here http://gdx.mlb.com/components/copyright.txt","{'person': {'id': 664770, 'fullName': 'Nathan Lukes', 'link': '/api/v1/people/664770'}, 'jerseyNumber': '38', 'position': {'code': '9', 'name': 'Outfielder', 'type': 'Outfielder', 'abbreviation': 'RF'}, 'status': {'code': 'A', 'description': 'Active'}}",/api/v1/teams/141/roster,141,fullSeason
"Copyright 2026 MLB Advanced Media, L.P.  Use of any content on this page acknowledges agreement to the terms posted here http://gdx.mlb.com/components/copyright.txt","{'person': {'id': 667297, 'fullName': 'Tommy Nance', 'link': '/api/v1/people/667297'}, 'jerseyNumber': '45', 'position': {'code': '1', 'name': 'Pitcher', 'type': 'Pitcher', 'abbreviation': 'P'}, 'status': {'code': '40M', 'description': 'Forty Man'}}",/api/v1/teams/141/roster,141,fullSeason
"Copyright 2026 MLB Advanced Media, L.P.  Use of any content on this page acknowledges agreement to the terms posted here http://gdx.mlb.com/components/copyright.txt","{'person': {'id': 673820, 'fullName': 'Robinson Piña', 'link': '/api/v1/people/673820'}, 'jerseyNumber': '33', 'position': {'code': '1', 'name': 'Pitcher', 'type': 'Pitcher', 'abbreviation': 'P'}, 'status': {'code': 'D60', 'description': 'Injured 60-Day'}}",/api/v1/teams/141/roster,141,fullSeason
"Copyright 2026 MLB Advanced Media, L.P.  Use of any content on this page acknowledges agreement to the terms posted here http://gdx.mlb.com/components/copyright.txt","{'person': {'id': 683770, 'fullName': 'Will Robertson', 'link': '/api/v1/people/683770'}, 'jerseyNumber': '39', 'position': {'code': '7', 'name': 'Outfielder', 'type': 'Outfielder', 'abbreviation': 'LF'}, 'status': {'code': 'TR', 'description': 'Traded'}}",/api/v1/teams/141/roster,141,fullSeason
"Copyright 2026 MLB Advanced Media, L.P.  Use of any content on this page acknowledges agreement to the terms posted here http://gdx.mlb.com/components/copyright.txt","{'person': {'id': 702176, 'fullName': 'Alan Roden', 'link': '/api/v1/people/702176'}, 'jerseyNumber': '18', 'position': {'code': '7', 'name': 'Outfielder', 'type': 'Outfielder', 'abbreviation': 'LF'}, 'status': {'code': 'TR', 'description': 'Traded'}}",/api/v1/teams/141/roster,141,fullSeason
"Copyright 2026 MLB Advanced Media, L.P.  Use of any content on this page acknowledges agreement to the terms posted here http://gdx.mlb.com/components/copyright.txt","{'person': {'id': 684320, 'fullName': 'Yariel Rodríguez', 'link': '/api/v1/people/684320'}, 'jerseyNumber': '29', 'position': {'code': '1', 'name': 'Pitcher', 'type': 'Pitcher', 'abbreviation': 'P'}, 'status': {'code': '40M', 'description': 'Forty Man'}}",/api/v1/teams/141/roster,141,fullSeason
"Copyright 2026 MLB Advanced Media, L.P.  Use of any content on this page acknowledges agreement to the terms posted here http://gdx.mlb.com/components/copyright.txt","{'person': {'id': 645305, 'fullName': 'Ali Sánchez', 'link': '/api/v1/people/645305'}, 'jerseyNumber': '20', 'position': {'code': '2', 'name': 'Catcher', 'type': 'Catcher', 'abbreviation': 'C'}, 'status': {'code': 'CL', 'description': 'Claimed'}}",/api/v1/teams/141/roster,141,fullSeason
"Copyright 2026 MLB Advanced Media, L.P.  Use of any content on this page acknowledges agreement to the terms posted here http://gdx.mlb.com/components/copyright.txt","{'person': {'id': 680704, 'fullName': 'Nick Sandlin', 'link': '/api/v1/people/680704'}, 'jerseyNumber': '52', 'position': {'code': '1', 'name': 'Pitcher', 'type': 'Pitcher', 'abbreviation': 'P'}, 'status': {'code': 'D60', 'description': 'Injured 60-Day'}}",/api/v1/teams/141/roster,141,fullSeason
"Copyright 2026 MLB Advanced Media, L.P.  Use of any content on this page acknowledges agreement to the terms posted here http://gdx.mlb.com/components/copyright.txt","{'person': {'id': 623993, 'fullName': 'Anthony Santander', 'link': '/api/v1/people/623993'}, 'jerseyNumber': '25', 'position': {'code': '9', 'name': 'Outfielder', 'type': 'Outfielder', 'abbreviation': 'RF'}, 'status': {'code': '40M', 'description': 'Forty Man'}}",/api/v1/teams/141/roster,141,fullSeason
"Copyright 2026 MLB Advanced Media, L.P.  Use of any content on this page acknowledges agreement to the terms posted here http://gdx.mlb.com/components/copyright.txt","{'person': {'id': 453286, 'fullName': 'Max Scherzer', 'link': '/api/v1/people/453286'}, 'jerseyNumber': '31', 'position': {'code': '1', 'name': 'Pitcher', 'type': 'Pitcher', 'abbreviation': 'P'}, 'status': {'code': 'A', 'description': 'Active'}}",/api/v1/teams/141/roster,141,fullSeason
"Copyright 2026 MLB Advanced Media, L.P.  Use of any content on this page acknowledges agreement to the terms posted here http://gdx.mlb.com/components/copyright.txt","{'person': {'id': 676914, 'fullName': 'Davis Schneider', 'link': '/api/v1/people/676914'}, 'jerseyNumber': '36', 'position': {'code': '7', 'name': 'Outfielder', 'type': 'Outfielder', 'abbreviation': 'LF'}, 'status': {'code': 'A', 'description': 'Active'}}",/api/v1/teams/141/roster,141,fullSeason
"Copyright 2026 MLB Advanced Media, L.P.  Use of any content on this page acknowledges agreement to the terms posted here http://gdx.mlb.com/components/copyright.txt","{'person': {'id': 687606, 'fullName': 'Paxton Schultz', 'link': '/api/v1/people/687606'}, 'jerseyNumber': '65', 'position': {'code': '1', 'name': 'Pitcher', 'type': 'Pitcher', 'abbreviation': 'P'}, 'status': {'code': '40M', 'description': 'Forty Man'}}",/api/v1/teams/141/roster,141,fullSeason
"Copyright 2026 MLB Advanced Media, L.P.  Use of any content on this page acknowledges agreement to the terms posted here http://gdx.mlb.com/components/copyright.txt","{'person': {'id': 543807, 'fullName': 'George Springer', 'link': '/api/v1/people/543807'}, 'jerseyNumber': '4', 'position': {'code': '9', 'name': 'Outfielder', 'type': 'Outfielder', 'abbreviation': 'RF'}, 'status': {'code': 'A', 'description': 'Active'}}",/api/v1/teams/141/roster,141,fullSeason
"Copyright 2026 MLB Advanced Media, L.P.  Use of any content on this page acknowledges agreement to the terms posted here http://gdx.mlb.com/components/copyright.txt","{'person': {'id': 683021, 'fullName': 'Michael Stefanic', 'link': '/api/v1/people/683021'}, 'jerseyNumber': '16', 'position': {'code': '4', 'name': 'Second Base', 'type': 'Infielder', 'abbreviation': '2B'}, 'status': {'code': 'MIN', 'description': 'Minor League Contract'}}",/api/v1/teams/141/roster,141,fullSeason
"Copyright 2026 MLB Advanced Media, L.P.  Use of any content on this page acknowledges agreement to the terms posted here http://gdx.mlb.com/components/copyright.txt","{'person': {'id': 664702, 'fullName': 'Myles Straw', 'link': '/api/v1/people/664702'}, 'jerseyNumber': '3', 'position': {'code': '8', 'name': 'Outfielder', 'type': 'Outfielder', 'abbreviation': 'CF'}, 'status': {'code': 'A', 'description': 'Active'}}",/api/v1/teams/141/roster,141,fullSeason
"Copyright 2026 MLB Advanced Media, L.P.  Use of any content on this page acknowledges agreement to the terms posted here http://gdx.mlb.com/components/copyright.txt","{'person': {'id': 657024, 'fullName': 'Erik Swanson', 'link': '/api/v1/people/657024'}, 'jerseyNumber': '50', 'position': {'code': '1', 'name': 'Pitcher', 'type': 'Pitcher', 'abbreviation': 'P'}, 'status': {'code': 'RL', 'description': 'Released'}}",/api/v1/teams/141/roster,141,fullSeason
"Copyright 2026 MLB Advanced Media, L.P.  Use of any content on this page acknowledges agreement to the terms posted here http://gdx.mlb.com/components/copyright.txt","{'person': {'id': 622253, 'fullName': 'Dillon Tate', 'link': '/api/v1/people/622253'}, 'jerseyNumber': '9', 'position': {'code': '1', 'name': 'Pitcher', 'type': 'Pitcher', 'abbreviation': 'P'}, 'status': {'code': '40M', 'description': 'Forty Man'}}",/api/v1/teams/141/roster,141,fullSeason
"Copyright 2026 MLB Advanced Media, L.P.  Use of any content on this page acknowledges agreement to the terms posted here http://gdx.mlb.com/components/copyright.txt","{'person': {'id': 605513, 'fullName': 'Spencer Turnbull', 'link': '/api/v1/people/605513'}, 'jerseyNumber': '12', 'position': {'code': '1', 'name': 'Pitcher', 'type': 'Pitcher', 'abbreviation': 'P'}, 'status': {'code': 'RL', 'description': 'Released'}}",/api/v1/teams/141/roster,141,fullSeason
"Copyright 2026 MLB Advanced Media, L.P.  Use of any content on this page acknowledges agreement to the terms posted here http://gdx.mlb.com/components/copyright.txt","{'person': {'id': 570632, 'fullName': 'José Ureña', 'link': '/api/v1/people/570632'}, 'jerseyNumber': '48', 'position': {'code': '1', 'name': 'Pitcher', 'type': 'Pitcher', 'abbreviation': 'P'}, 'status': {'code': 'FA', 'description': 'Free Agent'}}",/api/v1/teams/141/roster,141,fullSeason
"Copyright 2026 MLB Advanced Media, L.P.  Use of any content on this page acknowledges agreement to the terms posted here http://gdx.mlb.com/components/copyright.txt","{'person': {'id': 686973, 'fullName': 'Louis Varland', 'link': '/api/v1/people/686973'}, 'jerseyNumber': '77', 'position': {'code': '1', 'name': 'Pitcher', 'type': 'Pitcher', 'abbreviation': 'P'}, 'status': {'code': 'A', 'description': 'Active'}}",/api/v1/teams/141/roster,141,fullSeason
"Copyright 2026 MLB Advanced Media, L.P.  Use of any content on this page acknowledges agreement to the terms posted here http://gdx.mlb.com/components/copyright.txt","{'person': {'id': 662139, 'fullName': 'Daulton Varsho', 'link': '/api/v1/people/662139'}, 'jerseyNumber': '5', 'position': {'code': '8', 'name': 'Outfielder', 'type': 'Outfielder', 'abbreviation': 'CF'}, 'status': {'code': 'A', 'description': 'Active'}}",/api/v1/teams/141/roster,141,fullSeason
"Copyright 2026 MLB Advanced Media, L.P.  Use of any content on this page acknowledges agreement to the terms posted here http://gdx.mlb.com/components/copyright.txt","{'person': {'id': 695238, 'fullName': 'Will Wagner', 'link': '/api/v1/people/695238'}, 'jerseyNumber': '7', 'position': {'code': '5', 'name': 'Third Base', 'type': 'Infielder', 'abbreviation': '3B'}, 'status': {'code': 'TR', 'description': 'Traded'}}",/api/v1/teams/141/roster,141,fullSeason
"Copyright 2026 MLB Advanced Media, L.P.  Use of any content on this page acknowledges agreement to the terms posted here http://gdx.mlb.com/components/copyright.txt","{'person': {'id': 677020, 'fullName': 'Josh Walker', 'link': '/api/v1/people/677020'}, 'jerseyNumber': '21', 'position': {'code': '1', 'name': 'Pitcher', 'type': 'Pitcher', 'abbreviation': 'P'}, 'status': {'code': 'TR', 'description': 'Traded'}}",/api/v1/teams/141/roster,141,fullSeason
"Copyright 2026 MLB Advanced Media, L.P.  Use of any content on this page acknowledges agreement to the terms posted here http://gdx.mlb.com/components/copyright.txt","{'person': {'id': 702056, 'fullName': 'Trey Yesavage', 'link': '/api/v1/people/702056'}, 'jerseyNumber': '39', 'position': {'code': '1', 'name': 'Pitcher', 'type': 'Pitcher', 'abbreviation': 'P'}, 'status': {'code': 'A', 'description': 'Active'}}",/api/v1/teams/141/roster,141,fullSeason
